step,arc,vx,dS_p10,dS_p50,ess_final,frac_unsafe,n_all_unsafe,unsafe_mean,unsafe_max,unsafe_final,sigma_S,sigma_S_bulk,w_max
1,0,6,8264.19,12331.3,1,0,0,0,0,0,3172.35,1980.59,1
2,0,5.8169,4917.12,7785.55,1,0,0,0,0,0,2625.35,1457.74,1
3,0,5.65922,3789,6731.91,1,0,0,0,0,0,2710.24,1311.94,1
4,0,5.47143,2498.05,4740.91,1,0,0,0,0,0,2317.89,1007.61,1
5,0,5.35163,2022.48,4265.08,1,0,0,0,0,0,2653,985.728,1
6,0,5.16505,3274.75,5523.52,1,0,0,0,0,0,2367.8,1093.2,1
7,1.91467,4.99558,1666.69,3925.58,1,0,0,0,0,0,2652.91,950.57,1
8,1.91467,4.82469,2861.31,4899.53,1,0,0,0,0,0,2527.14,923.575,1
9,1.91467,4.66962,1969.53,3853.83,1,0,0,0,0,0,2538.5,830.87,1
10,1.91467,4.4822,2254.55,4151.86,1,0,0,0,0,0,2584.36,884.116,1
11,1.91467,4.29542,2239.06,4007.8,1,0,0,0,0,0,2496.74,755.185,1
12,1.91467,4.11027,1414.02,3208.38,1,0,0,0,0,0,2619.57,750.034,1
13,1.91467,4.00338,1796.72,3485.23,1,0,0,0,0,0,2638.98,714.267,1
14,1.91467,3.8167,1522.42,3212.42,1,0,0,0,0,0,2650.12,679.817,1
15,1.91467,3.62741,2550.53,4188.05,1,0,0,0,0,0,2565.96,713.825,1
16,3.83073,3.43451,1339.98,2823.66,1,0,0,0,0,0,2751.88,611.242,1
17,3.83073,3.24665,1352.86,2858.65,1,0,0,0,0,0,2237.81,684.259,1
18,3.83073,3.05985,2786.9,4393.35,1,0,0,0,0,0,2548.95,823.239,1
19,3.83073,2.87091,3252.42,5192.52,1,0,0,0,0,0,2579.8,1145.41,1
20,3.83073,2.6881,1501.16,4827.32,1,0,0,0,0,0,2658.69,1349.02,1
21,3.83073,2.48371,2607.25,5753.7,1,0,0,0,0,0,2935.92,1389.71,1
22,3.83073,2.28561,1834.88,3718.33,1,0,0,0,0,0,2886.2,739.818,1
23,3.83073,2.10919,1679.54,3301.41,1,0,0,0,0,0,2621.37,690.752,1
24,3.83073,1.92103,1578.22,3292.67,1,0,0,0,0,0,2841.99,673.329,1
25,3.83073,1.72752,2478.66,4486.53,1,0,0,0,0,0,2686.98,880.693,1
26,3.83073,1.54378,1665.71,3180.38,1,3.63636e-05,0,0.0181818,1,1,1.25749e+08,707.38,1
27,3.83073,1.37823,2078.83,3759.95,1,0,0,0,0,0,2537.79,763.729,1
28,3.83073,1.19922,1465.32,3153.11,1,0.000181818,0,0.0909091,2,2,3.01002e+09,736.806,1
29,3.83073,0.999696,2187.76,3890.93,1,0.000218182,0,0.109091,2,2,3.58305e+09,756.392,1
30,3.83073,0.826972,1592.55,3205.71,1,0.00134545,0,0.672727,11,11,1.04789e+10,682.139,1
31,3.83073,0.641417,1629.08,3397.55,1,0.00174545,0,0.872727,17,17,1.19627e+10,731.116,1
32,3.83073,0.445077,1466.84,3319.89,1,0.00265455,0,1.32727,24,24,1.58255e+10,759.842,1
33,3.83073,0.277833,2121.48,3895.91,1,0.00178182,0,0.890909,12,12,1.28991e+10,830.725,1
34,3.83073,0.0933055,2000.97,4110.66,1,0.00258182,0,1.29091,19,17,1.70541e+10,894.026,1
35,3.83073,-0.115664,1981.33,4159.68,1,0.00294545,0,1.47273,31,31,1.71073e+10,926.542,1
36,3.83073,-0.301807,1011.94,2687.82,1,0.00258182,0,1.29091,19,19,1.53218e+10,687.838,1
37,3.83073,-0.492956,1535.4,3219.68,1,0.000327273,0,0.163636,4,4,5.40674e+09,692.536,1
38,3.83073,-0.694338,2424.71,4499.04,1,0.000290909,0,0.145455,3,2,3.7016e+09,935.304,1
39,3.83073,-0.893587,2415.54,4614.54,1,0.000327273,0,0.163636,6,6,4.3351e+09,1025.56,1
40,3.83073,-1.08171,2407.27,4239.09,1,0.000327273,0,0.163636,7,7,7.41545e+09,838.098,1
41,3.83073,-1.26731,1521.91,3012.12,1,0.000327273,0,0.163636,7,7,6.38267e+09,642.488,1
42,3.83073,-1.45558,1242.71,3192.97,1,0.00105455,0,0.527273,14,14,1.09908e+10,765.115,1
43,3.83073,-1.61908,472.062,1742.6,1,0.000909091,0,0.454545,13,13,9.28282e+09,472.405,1
44,3.83073,-1.81376,448.828,1636.77,1,0.000363636,0,0.181818,6,6,5.80817e+09,429.212,1
45,3.83073,-1.9773,636.875,2311.18,1,0.000109091,0,0.0545455,3,3,4.46231e+09,633.591,1
46,3.83073,-2.15282,564.477,2310.89,1.28653,0.000509091,0,0.254545,13,13,5.81238e+09,654.342,0.872347
47,3.83073,-2.30196,1087.73,2659.59,1,0.000545455,0,0.272727,8,8,4.54317e+09,582.52,1
48,3.83073,-2.48408,616.523,1958.8,1,0.000945455,0,0.472727,12,12,1.00884e+10,501.595,1
49,3.83073,-2.61952,854.273,2245.86,1,0.000254545,0,0.127273,3,3,5.30822e+09,511.888,1
50,3.83073,-2.80055,1180.55,2793.18,1,0.000472727,0,0.236364,5,5,6.16922e+09,621.352,1
51,3.83073,-2.96669,827.297,2147.84,1,0.000763636,0,0.381818,11,3,9.19266e+09,468.441,1
52,3.83073,-3.06248,1420.23,2910.73,1,0.000254545,0,0.127273,3,3,2.90576e+09,543.849,1
53,3.83073,-3.23914,682.945,1899.41,1,0.000763636,0,0.381818,13,13,8.93224e+09,416.542,1
54,1.91467,-3.22365,1103.39,1726.73,1,0.00149091,0,0.745455,14,14,1.16251e+10,251.273,1
55,1.91467,-3.37472,160.234,762.578,1,0.00170909,0,0.854545,25,25,1.21735e+10,208.894,1
56,1.91467,-3.54289,688.906,1457.97,1,0.000254545,0,0.127273,3,3,5.80042e+09,272.518,1
57,1.91467,-3.35232,1513.01,2619.17,1,0.000690909,0,0.345455,14,14,8.72481e+09,431.681,1
58,1.91467,-3.52132,1038.78,1838.58,1,0.000145455,0,0.0727273,3,3,3.13161e+09,319.065,1
59,1.91467,-3.6903,1341.6,2057.04,1,0.000363636,0,0.181818,8,8,7.19455e+09,335.862,1
60,1.91467,-3.867,913.547,1772.43,1,0.000145455,0,0.0727273,3,3,5.50666e+09,326.681,1
61,1.91467,-4.05229,1223.73,2006.08,1,0.000109091,0,0.0545455,2,1,1.74624e+09,300.805,1
62,1.91467,-4.1676,915.258,1772.87,1,0,0,0,0,0,1322.49,305.966,1
63,1.91467,-4.33843,1275.64,2168.66,1,3.63636e-05,0,0.0181818,1,0,1.91308e+09,384.117,1
64,0,-4.49523,1225,1907.59,1,0.000181818,0,0.0909091,2,0,4.59193e+09,258.743,1
65,0,-4.57781,1266.66,1705.98,1,0.000145455,0,0.0727273,2,0,2.56379e+09,332.837,1
66,0,-4.39962,1130.92,1586.69,1,0.000145455,0,0.0727273,2,2,4.02796e+09,408.136,0.999998
67,0,-4.58169,1219.88,1719.52,1,0,0,0,0,0,809.564,391.361,1
68,0,-4.43621,356.883,1528.6,1,3.63636e-05,0,0.0181818,1,0,3.71857e+08,504.413,1
69,0,-4.24976,102.5,752.492,1,7.27273e-05,0,0.0363636,1,1,5.44088e+08,213.042,1
70,0,-4.43386,149.398,1089.56,1,0,0,0,0,0,1059.43,260.735,1
71,0,-4.61553,118.453,601.422,1.00008,0,0,0,0,0,888.547,171.068,0.999958
72,0,-4.42815,127.422,596.688,1,3.63636e-05,0,0.0181818,1,0,2.4822e+09,157.53,1
73,4502.91,-4.61173,2687.77,5154.38,1,0,0,0,0,0,1903.71,1168.98,1
74,4502.91,-4.79704,3887.08,6685.62,1,0.000327273,0,0.163636,4,4,3.44958e+09,1439.35,1
75,4502.91,-4.9395,3986.02,6816.77,1,0.00258182,0,1.29091,18,15,1.42885e+10,1285.73,1
76,4502.91,-5.07879,3063.45,5954.63,1,0.0056,0,2.8,33,33,2.32331e+10,1255.13,1
77,4502.91,-5.24517,4583.85,10537,1,0.0115636,0,5.78182,52,52,3.07837e+10,1949.22,1
78,4502.91,-5.42772,4052.91,2.62031e+10,1,0.0173091,0,8.65455,69,69,4.54108e+10,7.3184e+09,1
79,4502.91,-5.61267,3227.69,2.48963e+10,1,0.0175636,0,8.78182,79,65,4.51994e+10,6.78202e+09,1
80,4500.99,-5.77515,3555.3,3.82367e+10,1,0.0208,0,10.4,66,46,4.69101e+10,1.25653e+10,1
81,4500.99,-5.88577,4091.99,4.99982e+10,1,0.0247273,0,12.3636,86,72,5.35914e+10,1.7627e+10,1
82,4500.99,-6.06266,3002.62,5.45554e+10,1,0.0264727,0,13.2364,77,77,5.59684e+10,1.91882e+10,1
83,4500.99,-6.20473,4944.21,6.55227e+10,1,0.0298545,0,14.9273,91,83,6.23419e+10,2.28589e+10,1
84,4500.99,-6.38706,3775.06,6.76881e+10,1,0.0313818,0,15.6909,87,70,6.37266e+10,2.46098e+10,1
85,4500.99,-6.56973,4167.12,6.66563e+10,1,0.0310545,0,15.5273,95,95,6.50177e+10,2.41596e+10,1
86,4499.08,-6.75321,3651.18,6.33946e+10,1,0.03,0,15,96,60,6.0961e+10,2.20476e+10,1
87,4499.08,-6.91483,2820.43,5.95423e+10,1,0.0276364,0,13.8182,81,81,6.19508e+10,2.10371e+10,1
88,4499.08,-7.06118,5408.41,7.26844e+10,1,0.0328727,0,16.4364,86,62,6.3813e+10,2.51023e+10,1
89,4499.08,-7.20677,4002.23,7.8119e+10,1.0001,0.0329818,0,16.4909,94,77,6.94577e+10,2.69157e+10,0.999951
90,4499.08,-7.37264,4793.73,8.28071e+10,1,0.0340364,0,17.0182,108,53,7.34026e+10,2.76994e+10,1
91,4499.08,-7.55241,8410.15,8.80715e+10,1,0.0388727,0,19.4364,112,112,7.49636e+10,3.05275e+10,1
92,4497.16,-7.6841,7.12998e+09,8.39351e+10,1,0.0398909,0,19.9455,103,68,6.82269e+10,2.81044e+10,1
93,4497.16,-7.86513,5444.46,8.07954e+10,1,0.0353455,0,17.6727,88,68,6.68833e+10,2.71436e+10,1
94,4497.16,-8.01595,4084.88,7.49387e+10,1,0.0368,0,18.4,91,87,6.77022e+10,2.55071e+10,1
95,4497.16,-8.14473,1.39528e+10,9.35924e+10,1,0.0430545,0,21.5273,150,150,7.40409e+10,2.97848e+10,1
96,4495.25,-8.31888,8.97783e+09,8.8712e+10,1,0.0436364,0,21.8182,132,110,7.4787e+10,2.90842e+10,1
97,4495.25,-8.4598,2.04061e+10,1.09881e+11,1,0.0479273,0,23.9636,170,170,8.04431e+10,3.417e+10,1
98,4495.25,-8.64517,4.83313e+09,1.01074e+11,1,0.0427636,0,21.3818,125,38,7.6616e+10,3.30763e+10,1
99,4495.25,-8.81134,4.37e+10,1.49777e+11,1,0.0619273,0,30.9636,141,116,9.34154e+10,4.28624e+10,1
100,4495.25,-8.98106,1.4059e+10,1.09779e+11,1,0.0452727,0,22.6364,118,77,7.82337e+10,3.40667e+10,1
101,4493.33,-9.16299,3.322e+10,1.34022e+11,1,0.0547636,0,27.3818,176,140,8.71118e+10,4.057e+10,1
102,4493.33,-9.34966,2.13052e+10,1.15913e+11,1,0.0467636,0,23.3818,147,36,8.27749e+10,3.59387e+10,1
103,4493.33,-9.51147,3.65075e+10,1.37182e+11,1,0.0552364,0,27.6182,125,71,8.73937e+10,4.01947e+10,1
104,4493.33,-9.66888,6.35915e+10,1.62536e+11,1,0.0710909,0,35.5455,271,271,8.77858e+10,4.33033e+10,1
105,4491.41,-9.79686,2.50611e+10,1.2447e+11,1,0.0524,0,26.2,158,124,8.30188e+10,3.88867e+10,1
106,4491.41,-9.93055,4.50656e+10,1.42869e+11,1,0.0607636,0,30.3818,182,182,8.018e+10,4.0016e+10,1
107,4491.41,-10.1069,5.69658e+10,1.61903e+11,1,0.0692,0,34.6,228,228,9.37439e+10,4.51247e+10,1
108,4491.41,-10.291,4.67919e+10,1.41764e+11,1,0.0610182,0,30.5091,152,98,9.01416e+10,3.95891e+10,1
109,4489.49,-10.4331,3.95712e+10,1.28331e+11,1,0.0572,0,28.6,134,49,8.77021e+10,3.65196e+10,1
110,4489.49,-10.541,6.43503e+10,1.68536e+11,1,0.0691636,0,34.5818,239,23,9.68358e+10,4.34291e+10,1
111,4489.49,-10.7142,2.98696e+10,1.26018e+11,1,0.0516727,0,25.8364,111,21,8.6847e+10,3.85709e+10,1
112,4487.57,-10.8211,3.67659e+10,1.45623e+11,1,0.0609455,0,30.4727,128,128,9.43589e+10,4.25973e+10,1
113,4487.57,-10.9795,5.71644e+10,1.69156e+11,1,0.0687273,0,34.3636,195,94,9.48267e+10,4.75856e+10,1
114,4487.57,-11.127,3.96068e+10,1.33051e+11,1,0.0582545,0,29.1273,128,66,8.69049e+10,3.89632e+10,1
115,4487.57,-11.3103,3.1961e+10,1.27428e+11,1,0.0559273,0,27.9636,129,76,8.62859e+10,3.81821e+10,1
116,4485.66,-11.4866,3.62107e+10,1.39132e+11,1,0.0546182,0,27.3091,117,117,8.3284e+10,4.18522e+10,1
117,4485.66,-11.647,2.78697e+10,1.22471e+11,1,0.0502545,0,25.1273,109,39,8.30208e+10,3.74983e+10,1
118,4485.66,-11.8318,2.15705e+10,1.16895e+11,1,0.0493818,0,24.6909,127,63,8.73757e+10,3.55567e+10,1
119,4483.74,-11.9723,2.50744e+10,1.23236e+11,1,0.0515636,0,25.7818,126,95,8.24854e+10,3.63546e+10,1
120,4483.74,-12.1312,4.32059e+10,1.4251e+11,1,0.0587273,0,29.3636,212,123,8.57494e+10,3.92428e+10,1
121,4483.74,-12.312,1.82013e+10,1.22603e+11,1,0.052,0,26,130,130,8.32918e+10,3.65763e+10,1
122,4481.82,-12.4864,2.24612e+10,1.07094e+11,1,0.0468,0,23.4,120,74,8.07011e+10,3.27018e+10,1
123,4481.82,-12.6559,1.76876e+10,1.0067e+11,1,0.0433818,0,21.6909,121,13,7.64555e+10,3.11633e+10,1
124,4481.82,-12.8332,2.16203e+10,1.19564e+11,1,0.0519636,0,25.9818,177,58,8.51936e+10,3.68737e+10,1
125,4479.9,-12.9599,2.5965e+10,1.25963e+11,1,0.0546909,0,27.3455,160,63,8.46286e+10,3.71393e+10,1
126,4479.9,-13.0651,5.12294e+10,1.54335e+11,1,0.0657455,0,32.8727,157,78,9.42581e+10,4.31796e+10,1
127,4479.9,-13.2167,2.99281e+10,1.12998e+11,1,0.0519273,0,25.9636,103,60,8.39161e+10,3.3297e+10,1
128,4477.98,-13.3596,3.76131e+10,1.43995e+11,1,0.0632727,0,31.6364,187,187,8.6411e+10,4.00889e+10,1
129,4477.98,-13.5013,4.83466e+10,1.51318e+11,1,0.0673091,0,33.6545,135,135,8.52667e+10,4.127e+10,1
130,4477.98,-13.6826,6.23483e+10,1.69481e+11,1,0.0736727,0,36.8364,159,15,9.33301e+10,4.45083e+10,1
131,4476.06,-13.8617,7.97329e+10,1.96239e+11,1,0.0810909,0,40.5455,202,143,1.03718e+11,4.69843e+10,1
132,4476.06,-13.8561,7.26893e+10,1.84193e+11,1,0.0757091,0,37.8545,171,90,9.3276e+10,4.91276e+10,1
133,4476.06,-14.0254,8.56155e+10,1.9952e+11,1,0.0808727,0,40.4364,180,28,1.07039e+11,5.03308e+10,1
134,4474.14,-14.1808,9.88046e+10,2.42787e+11,1,0.0828364,0,41.4182,244,43,1.11705e+11,5.95955e+10,1
135,4474.14,-14.3403,6.20703e+10,1.81704e+11,1,0.0790545,0,39.5273,206,107,1.08171e+11,4.96289e+10,1
136,4474.14,-14.5205,1.20587e+11,2.52419e+11,1,0.0986545,0,49.3273,444,444,1.12144e+11,5.77915e+10,1
137,4472.23,-14.4557,9.54532e+10,2.30608e+11,1,0.0796364,0,39.8182,335,278,1.17506e+11,5.73429e+10,1
138,4472.23,-14.5633,7.45711e+10,1.94356e+11,1,0.0755636,0,37.7818,269,125,1.11571e+11,4.84246e+10,1
139,4470.31,-14.5121,1.06226e+11,2.29288e+11,1,0.0852727,0,42.6364,354,354,1.1437e+11,5.47313e+10,1
140,4470.31,-14.6922,5.91466e+10,1.61287e+11,1,0.0652727,0,32.6364,290,290,1.03969e+11,4.33779e+10,1
141,4470.31,-14.6163,4.30902e+10,1.40299e+11,1,0.0577455,0,28.8727,191,191,9.35185e+10,3.9221e+10,1
142,4468.39,-14.7704,3.84006e+10,1.29268e+11,1,0.0568,0,28.4,128,128,8.48184e+10,3.63786e+10,1
143,4468.39,-14.7413,4.08258e+10,1.24137e+11,1,0.0568364,0,28.4182,149,56,8.37255e+10,3.58874e+10,1
144,4466.47,-14.803,3.87481e+10,1.37242e+11,1,0.0597454,0,29.8727,170,170,8.46134e+10,3.95218e+10,1
145,4466.47,-14.9515,6.78557e+10,1.67048e+11,1,0.0718909,0,35.9455,266,185,9.00975e+10,4.35254e+10,1
146,4466.47,-15.0631,3.35713e+10,1.35448e+11,1,0.062,0,31,151,151,8.49503e+10,3.83673e+10,1
147,4464.56,-15.2328,4.36325e+10,1.3524e+11,1,0.0613091,0,30.6545,182,182,8.87479e+10,3.8123e+10,1
148,4464.56,-15.3271,6.34355e+10,1.72219e+11,1,0.0710909,0,35.5455,217,217,9.34312e+10,4.64603e+10,1
149,4464.56,-15.5012,6.11106e+10,1.75116e+11,1,0.0698909,0,34.9455,183,183,9.60405e+10,4.67894e+10,1
150,4462.64,-15.6623,2.93787e+10,1.33448e+11,1,0.0583636,0,29.1818,119,68,8.9101e+10,3.99837e+10,1
151,4462.64,-15.8402,6.73028e+10,1.95234e+11,1,0.0780727,0,39.0364,182,52,1.06123e+11,5.31e+10,1
152,4460.73,-15.9692,3.87724e+10,1.31696e+11,1,0.0557818,0,27.8909,115,56,8.23252e+10,3.5973e+10,1
153,4460.73,-16.1408,5.45854e+10,1.6303e+11,1,0.0698545,0,34.9273,148,86,9.14628e+10,4.44807e+10,1
154,4458.81,-16.3239,4.68459e+10,1.48581e+11,1,0.0644,0,32.2,131,66,8.62923e+10,3.99346e+10,1
155,4458.81,-16.4605,5.72092e+10,1.56225e+11,1,0.0693818,0,34.6909,141,113,9.33422e+10,4.27792e+10,1
156,4458.81,-16.6462,5.81028e+10,1.51725e+11,1,0.0696,0,34.8,134,63,8.58621e+10,3.98725e+10,1
157,4456.9,-16.8008,3.73928e+10,1.36089e+11,1,0.0636,0,31.8,126,126,8.46033e+10,3.84763e+10,1
158,4456.9,-16.9784,4.5395e+10,1.43976e+11,1,0.0623273,0,31.1636,179,179,8.23219e+10,4.20162e+10,1
159,4454.99,-17.1327,7.55664e+10,1.98973e+11,1,0.0857091,0,42.8545,203,99,1.00358e+11,5.13855e+10,1
160,4454.99,-17.3154,4.73253e+10,1.43498e+11,1,0.0661091,0,33.0545,150,0,9.38212e+10,4.0315e+10,1
161,4453.07,-17.4829,3.64971e+10,1.3751e+11,1,0.0595636,0,29.7818,137,47,8.60284e+10,3.93951e+10,1
162,4453.07,-17.291,6.09619e+10,1.84969e+11,1,0.0721455,0,36.0727,150,62,9.68769e+10,5.24793e+10,1
163,4451.15,-17.4765,5.88917e+10,1.54521e+11,1,0.0654182,0,32.7091,210,45,9.08096e+10,4.1498e+10,1
164,4451.15,-17.6572,6.32259e+10,1.7294e+11,1,0.0679273,0,33.9636,184,2,9.79012e+10,4.54968e+10,1
165,4451.15,-17.8442,5.19224e+10,1.53222e+11,1,0.0620364,0,31.0182,155,41,9.34816e+10,4.16394e+10,1
166,4449.23,-18.0038,4.02683e+10,1.3558e+11,1,0.0585818,0,29.2909,117,70,8.89406e+10,3.97344e+10,1
167,4449.23,-18.1849,5.84754e+10,1.65386e+11,1,0.0665818,0,33.2909,223,107,9.28494e+10,4.50712e+10,1
168,4447.32,-18.3169,4.00269e+10,1.3532e+11,1,0.0569091,0,28.4545,128,84,8.79698e+10,3.65334e+10,1
169,4447.32,-18.1703,4.72561e+10,1.48353e+11,1,0.0637091,0,31.8545,177,83,8.97221e+10,4.15651e+10,1
170,4445.41,-18.3459,3.10995e+10,1.13737e+11,1,0.0501818,0,25.0909,117,41,7.48765e+10,3.1988e+10,1
171,4445.41,-18.4986,3.95246e+10,1.26761e+11,1,0.0536,0,26.8,125,39,8.4742e+10,3.59843e+10,1
172,4443.5,-18.6714,4.6598e+10,1.39976e+11,1,0.0635273,0,31.7636,202,102,8.98652e+10,4.09527e+10,1
173,4443.5,-18.8425,5.68641e+10,1.52674e+11,1,0.0657818,0,32.8909,254,254,8.56867e+10,4.07806e+10,1
174,4441.59,-19.0108,5.14656e+10,1.3311e+11,1,0.0587273,0,29.3636,163,59,8.13786e+10,3.5706e+10,1
175,4441.59,-19.1325,5.2653e+10,1.62339e+11,1,0.068,0,34,173,84,9.81578e+10,4.35214e+10,1
176,4439.67,-19.2386,3.92682e+10,1.43729e+11,1,0.0597091,0,29.8545,133,115,8.44112e+10,4.14583e+10,1
177,4439.67,-19.3812,3.89149e+10,1.36274e+11,1,0.0578545,0,28.9273,119,96,8.72356e+10,3.89587e+10,1
178,4437.75,-19.5514,3.89336e+10,1.35821e+11,1,0.0588364,0,29.4182,124,39,8.4977e+10,3.87325e+10,1
179,4437.75,-19.7313,7.1261e+10,1.76409e+11,1,0.0727636,0,36.3818,141,104,9.73436e+10,4.77918e+10,1
180,4435.84,-19.9129,5.13921e+10,1.52636e+11,1,0.0665818,0,33.2909,164,164,9.16635e+10,4.25852e+10,1
181,4435.84,-20.0791,5.59432e+10,1.62437e+11,1,0.0716727,0,35.8364,152,113,9.3384e+10,4.29105e+10,1
182,4433.93,-20.2337,6.33621e+10,1.61506e+11,1,0.0669818,0,33.4909,128,40,9.23762e+10,4.39926e+10,1
183,4433.93,-20.3512,6.42755e+10,1.69678e+11,1,0.0718546,0,35.9273,150,150,9.42563e+10,4.52585e+10,1
184,4432.02,-20.4911,9.27161e+10,2.13792e+11,1,0.0967636,0,48.3818,320,320,1.04388e+11,5.26931e+10,1
185,4432.02,-20.6649,8.32959e+10,1.96581e+11,1,0.0868364,0,43.4182,197,197,1.02492e+11,4.95697e+10,1
186,4430.11,-20.826,5.60412e+10,1.66276e+11,1,0.0736727,0,36.8364,143,68,9.36829e+10,4.48901e+10,1
187,4430.11,-20.9866,4.76058e+10,1.55143e+11,1,0.0688,0,34.4,131,85,9.35848e+10,4.28392e+10,1
188,4428.19,-21.1221,1.02192e+11,2.06344e+11,1,0.0906546,0,45.3273,384,107,9.72512e+10,4.87279e+10,1
189,4426.28,-20.9826,1.02632e+11,2.26104e+11,1,0.0944727,0,47.2364,266,266,1.12335e+11,5.19985e+10,1
190,4426.28,-20.8425,1.10707e+11,2.4253e+11,1,0.0921455,0,46.0727,327,327,1.09903e+11,5.40648e+10,1
191,4424.36,-20.6402,1.60649e+11,3.06693e+11,1,0.0960727,0,48.0364,466,167,1.3779e+11,6.81629e+10,1
192,4424.36,-20.426,1.06468e+11,2.35973e+11,1,0.0982909,0,49.1455,396,74,1.03028e+11,5.53366e+10,1
193,4422.44,-20.574,6.91392e+10,1.86614e+11,1,0.0836727,0,41.8364,230,230,1.00758e+11,4.72072e+10,1
194,4422.44,-20.3746,7.29237e+10,2.04512e+11,1,0.0795273,0,39.7636,274,40,1.07058e+11,5.49948e+10,1
195,4420.53,-20.2247,1.05506e+11,2.29291e+11,1,0.0951636,0,47.5818,198,198,1.12417e+11,5.36662e+10,1
196,4420.53,-20.3231,6.95137e+10,1.9396e+11,1,0.0845455,0,42.2727,191,67,9.91526e+10,4.90994e+10,1
197,4418.62,-20.4427,9.48777e+10,2.30428e+11,1,0.0970182,0,48.5091,313,19,1.10084e+11,5.28319e+10,1
198,4418.62,-20.598,1.09288e+11,2.33302e+11,1,0.0989818,0,49.4909,302,302,1.08286e+11,5.11534e+10,1
199,4416.7,-20.4117,7.51354e+10,1.90986e+11,1,0.0845455,0,42.2727,168,106,1.02541e+11,4.84362e+10,1
200,4416.7,-20.2421,1.29371e+11,2.58383e+11,1,0.105891,0,52.9455,494,494,1.09625e+11,5.39512e+10,1
201,4414.79,-20.164,1.18099e+11,2.33582e+11,1,0.0968727,0,48.4364,284,253,1.06233e+11,5.17218e+10,1
202,4412.88,-19.9986,8.42085e+10,1.96327e+11,1,0.0841454,0,42.0727,227,227,1.02127e+11,4.48249e+10,1
203,4412.88,-19.8278,1.14607e+11,2.63326e+11,1,0.0932727,0,46.6364,281,0,1.15192e+11,6.19456e+10,1
204,4410.96,-19.9074,5.99956e+10,1.52046e+11,1,0.0698182,0,34.9091,181,105,8.556e+10,4.1205e+10,1
205,4410.96,-19.8275,8.8518e+10,1.97327e+11,1,0.08,0,40,267,79,1.02938e+11,4.78406e+10,1
206,4409.05,-19.9888,5.28737e+10,1.56293e+11,1,0.0704,0,35.2,171,171,1.05734e+11,4.27127e+10,1
207,4409.05,-20.0858,5.10771e+10,1.60946e+11,1,0.0672364,0,33.6182,157,66,1.00632e+11,4.53435e+10,1
208,4407.14,-20.2698,8.5683e+10,1.99073e+11,1,0.0842182,0,42.1091,194,39,1.06928e+11,4.78983e+10,1
209,4407.14,-20.4519,4.64491e+10,1.38661e+11,1,0.0649091,0,32.4545,128,128,9.02989e+10,3.97275e+10,1
210,4405.22,-20.6269,8.01102e+10,1.95145e+11,1,0.0797091,0,39.8545,257,257,1.07738e+11,4.86167e+10,1
211,4405.22,-20.7953,6.7607e+10,1.75108e+11,1,0.0775273,0,38.7636,260,260,9.76454e+10,4.61303e+10,1
212,4403.31,-20.955,4.88906e+10,1.44549e+11,1,0.0630545,0,31.5273,124,44,8.95981e+10,3.88104e+10,1
213,4403.31,-21.137,5.88434e+10,1.66094e+11,1,0.0702909,0,35.1455,201,75,9.11108e+10,4.48558e+10,1
214,4401.4,-21.3201,4.34766e+10,1.31796e+11,1,0.0624364,0,31.2182,136,34,8.45099e+10,3.66229e+10,1
215,4401.4,-21.445,6.44205e+10,1.63237e+11,1,0.074,0,37,206,124,9.22027e+10,4.30387e+10,1
216,4399.49,-21.5971,4.94537e+10,1.43249e+11,1,0.0666182,0,33.3091,191,191,8.72779e+10,3.83555e+10,1
217,4397.58,-21.7826,5.82877e+10,1.59439e+11,1,0.0694909,0,34.7455,215,12,9.50946e+10,4.29792e+10,1
218,4397.58,-21.8587,4.77923e+10,1.4345e+11,1,0.062,0,31,187,32,8.30514e+10,4.01092e+10,1
219,4395.67,-21.6843,4.89014e+10,1.50694e+11,1,0.0679636,0,33.9818,146,25,8.84788e+10,4.25448e+10,1
220,4395.67,-21.8676,4.79876e+10,1.37865e+11,1,0.0617454,0,30.8727,144,78,8.01317e+10,3.64159e+10,1
221,4393.75,-21.9959,4.1274e+10,1.32747e+11,1,0.0602182,0,30.1091,143,79,8.22094e+10,3.81266e+10,1
222,4393.75,-21.814,5.32169e+10,1.56618e+11,1,0.0721818,0,36.0909,199,199,9.20375e+10,4.28288e+10,1
223,4391.83,-21.7411,4.954e+10,1.47577e+11,1,0.064,0,32,138,63,8.14075e+10,3.77992e+10,1
224,4389.92,-21.8259,4.57076e+10,1.47337e+11,1,0.0651273,0,32.5636,140,88,9.32944e+10,4.1775e+10,1
225,4389.92,-22.0044,6.11935e+10,1.67189e+11,1,0.0702909,0,35.1455,184,73,8.6683e+10,4.1791e+10,1
226,4388.01,-22.1886,7.0587e+10,1.76183e+11,1,0.0745091,0,37.2545,200,68,9.08525e+10,4.46734e+10,1
227,4388.01,-22.3729,7.89057e+10,2.2551e+11,1,0.0818909,0,40.9455,179,110,1.23452e+11,5.83031e+10,1
228,4386.1,-22.4961,6.00316e+10,1.49689e+11,1,0.0710909,0,35.5455,213,213,8.39086e+10,3.7367e+10,1
229,4386.1,-22.6733,5.31347e+10,1.62084e+11,1,0.0679273,0,33.9636,180,42,8.97216e+10,4.3381e+10,1
230,4384.19,-22.8409,4.39887e+10,1.44954e+11,1,0.0662545,0,33.1273,156,156,9.15312e+10,4.14436e+10,1
231,4382.28,-23.0027,6.62982e+10,1.67398e+11,1,0.0725455,0,36.2727,196,175,9.27155e+10,4.29468e+10,1
232,4382.28,-23.1579,4.6438e+10,1.42375e+11,1,0.0627636,0,31.3818,187,187,8.92321e+10,3.95646e+10,1
233,4380.37,-23.0542,8.03969e+10,1.86355e+11,1,0.0810182,0,40.5091,318,318,9.53184e+10,4.56341e+10,1
234,4380.37,-23.2353,4.00514e+10,1.4694e+11,1,0.0630182,0,31.5091,138,38,8.96788e+10,4.16824e+10,1
235,4378.46,-23.0902,6.64346e+10,1.71619e+11,1,0.0766909,0,38.3455,183,5,9.29766e+10,4.41406e+10,1
236,4376.55,-23.2735,7.66134e+10,1.96587e+11,1,0.0855273,0,42.7636,175,137,1.01723e+11,5.09691e+10,1
237,4376.55,-23.4228,5.44887e+10,1.55489e+11,1,0.0686909,0,34.3455,196,196,9.14577e+10,4.28392e+10,1
238,4374.64,-23.6019,9.30597e+10,2.15149e+11,1,0.0899636,0,44.9818,314,314,9.73535e+10,5.48754e+10,1
239,4372.73,-23.402,9.44771e+10,2.23717e+11,1,0.0898909,0,44.9455,303,0,1.04233e+11,5.33385e+10,1
240,4372.73,-23.2498,7.02363e+10,1.85274e+11,1,0.0800364,0,40.0182,137,93,9.39476e+10,4.8802e+10,1
241,4370.82,-23.3331,7.60078e+10,1.94474e+11,1,0.0830182,0,41.5091,201,201,1.01602e+11,4.86128e+10,1
242,4370.82,-23.4742,9.67188e+10,2.00081e+11,1,0.0878182,0,43.9091,252,0,9.2644e+10,4.7159e+10,1
243,4368.91,-23.217,7.52412e+10,1.74581e+11,1,0.0775273,0,38.7636,205,0,9.43388e+10,4.36545e+10,1
244,4367.01,-23.3509,1.01854e+11,2.49438e+11,1,0.0965455,0,48.2727,195,0,1.14463e+11,6.11451e+10,1
245,4367.01,-23.1778,1.46173e+11,2.72667e+11,1,0.152327,2,76.1636,500,500,1.12424e+11,6.01851e+10,1
246,4365.1,-23.2592,1.25451e+11,2.43398e+11,1,0.1004,0,50.2,248,161,1.07293e+11,5.65645e+10,1
247,4365.1,-23.0274,8.98832e+10,2.03395e+11,1,0.0952727,0,47.6364,311,311,1.03215e+11,4.8077e+10,1
248,4363.2,-23.1525,1.16336e+11,2.28928e+11,1,0.102182,0,51.0909,363,0,1.01113e+11,5.16817e+10,1
249,4361.29,-22.9505,8.76063e+10,1.93996e+11,1,0.0872,0,43.6,235,0,9.54513e+10,4.51821e+10,1
250,4361.29,-23.0692,8.86204e+10,2.08589e+11,1,0.0881818,0,44.0909,138,68,1.08954e+11,5.14832e+10,1
251,4359.39,-23.12,7.1062e+10,1.72941e+11,1,0.0778182,0,38.9091,164,95,9.61307e+10,4.2111e+10,1
252,4357.48,-23.2402,1.17782e+11,2.27256e+11,1,0.101491,0,50.7455,314,264,1.06933e+11,5.07568e+10,1
253,4357.48,-23.0719,9.74963e+10,2.16363e+11,1,0.0966182,0,48.3091,319,0,1.03664e+11,5.10048e+10,1
254,4355.57,-23.2257,5.73878e+10,1.70564e+11,1,0.0782909,0,39.1455,142,70,9.57044e+10,4.48164e+10,1
255,4355.57,-23.3719,9.62268e+10,1.98501e+11,1,0.0936364,0,46.8182,178,146,9.94296e+10,4.6015e+10,1
256,4353.66,-23.5237,7.02672e+10,2.0038e+11,1,0.0853091,0,42.6545,218,125,1.08564e+11,5.40443e+10,1
257,4351.76,-23.7216,8.3053e+10,2.01544e+11,1,0.0880727,0,44.0364,323,98,9.56093e+10,5.13239e+10,1
258,4351.76,-23.906,8.97814e+10,2.00393e+11,1,0.0870545,0,43.5273,323,47,9.74622e+10,5.31155e+10,1
259,4349.85,-24.0937,7.02815e+10,1.80184e+11,1,0.0843636,0,42.1818,223,182,9.44215e+10,4.57904e+10,1
260,4349.85,-24.0931,6.27702e+10,1.59015e+11,1,0.0705818,0,35.2909,186,96,8.90285e+10,4.19911e+10,1
261,4347.95,-24.2198,6.84003e+10,1.84198e+11,1,0.0804,0,40.2,165,52,9.55985e+10,4.71172e+10,1
262,4346.05,-24.0386,5.2102e+10,1.45398e+11,1,0.0665818,0,33.2909,150,46,9.13657e+10,4.07061e+10,1
263,4346.05,-24.2074,1.10619e+11,2.40298e+11,1,0.102036,0,51.0182,311,311,1.10586e+11,5.56769e+10,1
264,4344.15,-24.3892,4.84712e+10,1.35698e+11,1,0.0619636,0,30.9818,154,51,7.66456e+10,3.53561e+10,1
265,4342.25,-24.512,4.67682e+10,1.35392e+11,1,0.0658545,0,32.9273,171,123,8.43516e+10,3.93242e+10,1
266,4342.25,-24.4641,5.75874e+10,1.6422e+11,1,0.0806909,0,40.3455,195,167,8.91806e+10,4.30447e+10,1
267,4340.35,-24.3996,3.95037e+10,1.30899e+11,1,0.0586545,0,29.3273,171,22,8.41967e+10,3.65104e+10,1
268,4338.45,-24.5492,3.7267e+10,1.45758e+11,1,0.0613455,0,30.6727,148,74,9.08307e+10,4.21841e+10,1
269,4338.45,-24.4033,5.91539e+10,1.62363e+11,1,0.0686182,0,34.3091,145,107,8.91936e+10,4.22626e+10,1
270,4336.55,-24.2777,8.69814e+10,1.93838e+11,1,0.084,0,42,248,248,9.32134e+10,4.68906e+10,1
271,4336.55,-24.4336,4.27917e+10,1.48586e+11,1,0.0665455,0,33.2727,137,127,9.71645e+10,4.24058e+10,1
272,4334.65,-24.5751,5.6893e+10,1.77635e+11,1,0.0759636,0,37.9818,194,194,9.92353e+10,4.71131e+10,1
273,4332.75,-24.4142,4.52671e+10,1.52765e+11,1,0.0626182,0,31.3091,150,43,8.87324e+10,4.27612e+10,1
274,4332.75,-24.5666,5.1063e+10,1.50648e+11,1,0.0678182,0,33.9091,191,60,8.75115e+10,4.14413e+10,1
275,4330.85,-24.7338,7.21774e+10,1.748e+11,1,0.0778545,0,38.9273,199,103,9.50197e+10,4.569e+10,1
276,4328.96,-24.9157,4.19241e+10,1.54294e+11,1,0.0629455,0,31.4727,145,123,1.02721e+11,4.31588e+10,1
277,4328.96,-25.0906,6.10915e+10,1.75119e+11,1,0.0744364,0,37.2182,230,230,1.05212e+11,4.64992e+10,1
278,4327.06,-25.1622,6.1242e+10,1.66619e+11,1,0.0681818,0,34.0909,177,100,9.39541e+10,4.08706e+10,1
279,4325.16,-24.9769,6.16096e+10,1.72029e+11,1,0.0724364,0,36.2182,163,163,1.01153e+11,4.52483e+10,1
280,4325.16,-24.7955,7.96558e+10,1.93779e+11,1,0.0814909,0,40.7455,259,54,1.10867e+11,4.60768e+10,1
281,4323.26,-24.9826,5.21707e+10,1.54458e+11,1,0.0713818,0,35.6909,166,65,9.5123e+10,4.46647e+10,1
282,4321.36,-24.7568,8.23858e+10,2.19278e+11,1,0.0790545,0,39.5273,231,231,1.14008e+11,5.64686e+10,1
283,4321.36,-24.7461,4.901e+10,1.35561e+11,1,0.0611273,0,30.5636,159,159,7.93459e+10,3.58885e+10,1
284,4319.46,-24.8894,2.57192e+10,1.14097e+11,1,0.0511273,0,25.5636,134,16,7.80789e+10,3.47045e+10,1
285,4317.57,-24.9633,5.32904e+10,1.50073e+11,1,0.0646909,0,32.3455,163,16,1.01099e+11,4.06911e+10,1
286,4317.57,-24.7592,5.62647e+10,1.46661e+11,1,0.0638182,0,31.9091,163,157,9.17223e+10,3.84578e+10,1
287,4315.67,-24.677,9.20401e+10,2.02899e+11,1,0.0798182,0,39.9091,330,330,1.00093e+11,4.85295e+10,1
288,4313.79,-24.5167,4.7231e+10,1.49716e+11,1,0.0609091,0,30.4545,211,211,1.00431e+11,4.29853e+10,1
289,4313.79,-24.3738,8.24536e+10,1.99649e+11,1,0.0684364,0,34.2182,281,281,1.09519e+11,5.06166e+10,1
290,4311.9,-24.2698,1.16007e+11,2.34158e+11,1,0.0787636,0,39.3818,377,377,1.108e+11,5.4971e+10,1
291,4310,-24.1628,3.91081e+10,1.42947e+11,1,0.0562182,0,28.1091,161,114,9.68129e+10,3.9465e+10,1
292,4310,-23.9745,7.58885e+10,1.92293e+11,1,0.0738182,0,36.9091,205,121,1.02072e+11,5.07367e+10,1
293,4308.11,-24.1468,5.1243e+10,1.62823e+11,1,0.0654909,0,32.7455,161,137,1.08599e+11,4.61085e+10,1
294,4308.11,-24.3289,8.84324e+10,1.99721e+11,1,0.0799636,0,39.9818,226,157,9.88383e+10,4.93292e+10,1
295,4306.22,-24.1465,1.22687e+11,2.54349e+11,1,0.0843636,0,42.1818,390,390,1.19534e+11,6.2942e+10,1
296,4304.32,-24.3192,1.19106e+11,2.51675e+11,1,0.0885818,0,44.2909,222,222,1.29646e+11,5.81586e+10,1
297,4304.32,-24.136,1.28124e+11,2.82435e+11,1,0.0911636,0,45.5818,375,375,1.24463e+11,6.72167e+10,1
298,4302.43,-24.3118,1.09385e+11,2.60928e+11,1,0.0825455,0,41.2727,255,255,1.33767e+11,6.33956e+10,1
299,4300.54,-24.487,1.06615e+11,3.05203e+11,1,0.0818545,0,40.9273,281,168,1.47618e+11,8.19234e+10,1
300,4300.54,-24.6568,7.63764e+10,2.52857e+11,1,0.0768363,0,38.4182,178,178,1.42646e+11,6.78337e+10,1
301,4298.65,-24.8037,1.63027e+11,3.61817e+11,1,0.1008,0,50.4,317,113,1.53964e+11,8.23527e+10,1
302,4296.76,-24.9751,1.32027e+11,2.93144e+11,1,0.0991637,0,49.5818,440,440,1.56602e+11,6.82976e+10,1
303,4296.76,-25.1518,8.13418e+10,2.55245e+11,1,0.0747636,0,37.3818,214,203,1.69583e+11,6.59054e+10,1
304,4294.87,-24.9505,1.14687e+11,2.37527e+11,1,0.104436,0,52.2182,475,475,1.17726e+11,5.46334e+10,1
305,4292.98,-25.0907,1.37701e+11,3.02994e+11,1,0.1228,1,61.4,500,500,1.33611e+11,6.93918e+10,1
306,4292.98,-25.2291,2.1837e+11,3.97511e+11,1,0.142764,2,71.3818,500,500,1.49808e+11,8.10927e+10,1
307,4291.09,-25.0564,1.8078e+11,3.45482e+11,1,0.114945,1,57.4727,500,500,1.65279e+11,7.12928e+10,1
308,4289.2,-24.8351,1.8583e+11,3.63883e+11,1,0.111564,0,55.7818,494,494,1.66619e+11,7.96846e+10,1
309,4289.2,-24.6138,8.03595e+10,1.82218e+11,1,0.0844364,0,42.2182,198,11,1.00809e+11,4.45126e+10,1
310,4287.31,-24.6695,1.25992e+11,2.65567e+11,1,0.0963636,0,48.1818,452,452,1.17702e+11,5.92727e+10,1
311,4285.42,-24.6386,2.03897e+11,3.80823e+11,1,0.132182,2,66.0909,500,500,1.50083e+11,7.40125e+10,1
312,4285.42,-24.6671,5.1288e+11,7.94513e+11,1,0.201382,6,100.691,500,500,2.3597e+11,1.46942e+11,1
313,4283.54,-24.461,2.525e+11,4.76947e+11,1,0.232655,7,116.327,500,500,1.95218e+11,9.42003e+10,1
314,4281.65,-24.383,5.58316e+11,1.10362e+12,1,0.224836,8,112.418,500,500,3.67569e+11,2.4534e+11,1
315,4281.65,-24.1123,8.48644e+11,1.46712e+12,1,0.257127,10,128.564,500,500,4.95105e+11,3.20821e+11,1
316,4279.77,-23.8342,4.0993e+11,1.25525e+12,1,0.33,13,165,500,500,6.96154e+11,3.2433e+11,1
317,4277.88,-23.7271,6.97694e+11,1.32119e+12,1,0.293709,11,146.855,500,500,4.47892e+11,2.94856e+11,1
318,4277.88,-23.8416,1.96741e+11,4.68078e+11,1,0.219418,7,109.709,500,500,2.55596e+11,1.14051e+11,1
319,4276,-23.635,4.98263e+11,1.05378e+12,1,0.271127,10,135.564,500,500,4.62824e+11,2.38322e+11,1
320,4276,-23.7474,3.90973e+11,8.83507e+11,1,0.334509,13,167.255,500,500,4.15471e+11,2.14748e+11,1
321,4274.12,-23.5123,2.69968e+11,1.39057e+12,1,0.280691,11,140.345,500,500,6.16483e+11,4.69855e+11,1
322,4272.24,-23.2992,4.20476e+11,1.11449e+12,1,0.254982,9,127.491,500,500,2.72117e+12,2.60553e+11,1
323,4272.24,-23.0961,2.34062e+11,4.85962e+11,1,0.307418,12,153.709,500,500,1.84879e+11,1.12876e+11,1
324,4270.36,-22.9764,5.37437e+11,2.78059e+12,1,0.340618,15,170.309,500,500,1.23715e+12,8.33488e+11,1
325,4268.48,-22.8,6.62766e+11,1.24592e+12,1,0.347236,15,173.618,500,500,5.26021e+11,2.76434e+11,1
326,4268.48,-22.7032,7.26594e+11,1.6795e+12,1,0.398945,18,199.473,500,500,2.46714e+12,3.86547e+11,1
327,4266.6,-22.8848,1.28994e+12,2.21302e+12,1,0.445236,21,222.618,500,500,7.02435e+11,4.22598e+11,1
328,4266.6,-22.9801,2.81206e+13,3.81211e+13,1,0.460109,23,230.055,500,500,6.83127e+12,7.58094e+12,1
329,4264.71,-22.7917,4.08754e+12,1.20838e+13,1,0.483636,24,241.818,500,500,5.14537e+12,3.13498e+12,1
330,4262.83,-22.9501,3.3974e+12,1.21707e+13,1,0.493745,25,246.873,500,500,3.98577e+12,3.81276e+12,1
331,4262.83,-23.1454,4.21643e+12,1.36984e+13,1,0.507309,26,253.655,500,500,4.5592e+12,4.0582e+12,1
332,4260.95,-23.2634,2.69039e+13,3.42287e+13,1,0.5148,27,257.4,500,500,5.60347e+12,4.88361e+12,1
333,4259.07,-23.0851,6.76864e+12,1.2842e+13,1,0.520109,27,260.055,500,500,4.36165e+12,2.58338e+12,1
334,4259.07,-23.2633,2.23509e+12,1.54382e+13,1,0.551164,28,275.582,500,500,7.69229e+12,4.65195e+12,1
335,4257.19,-23.0946,3.78408e+12,2.44177e+13,1,0.587564,30,293.782,500,500,1.08765e+13,8.89031e+12,1
336,4257.19,-22.9135,4.3598e+12,7.17234e+12,1,0.597491,30,298.745,500,500,2.64007e+12,1.2899e+12,1
337,4255.31,-23.1026,2.59695e+12,6.84885e+12,1,0.629491,33,314.745,500,500,3.49647e+12,1.69663e+12,1
338,4253.43,-23.0803,2.21575e+12,5.87863e+12,1,0.641564,34,320.782,500,500,1.22914e+13,1.42431e+12,1
339,4253.43,-22.8683,7.28747e+12,1.3734e+13,1,0.665309,36,332.655,500,500,5.1119e+12,3.17185e+12,1
340,4251.55,-22.8557,5.00388e+12,1.20594e+13,1,0.672582,36,336.291,500,500,4.73763e+12,3.16615e+12,1
341,4251.55,-23.044,7.87426e+12,1.6255e+13,1,0.694073,38,347.036,500,500,6.75931e+12,3.82878e+12,1
342,4249.67,-22.8685,2.43544e+12,7.98086e+12,1,0.709018,38,354.509,500,500,3.89038e+12,2.35283e+12,1
343,4247.79,-22.692,2.53901e+12,4.73577e+12,1,0.727236,39,363.618,500,500,3.48848e+12,9.24271e+11,1
344,4247.79,-22.5006,8.97018e+12,1.67911e+13,1,0.746655,41,373.327,500,500,9.1578e+12,3.68859e+12,1
345,4245.91,-22.3146,3.99298e+12,9.09237e+12,1,0.7628,41,381.4,500,500,5.40329e+12,2.17227e+12,1
346,4245.91,-22.1417,2.60012e+12,5.43469e+12,1,0.781527,42,390.764,500,500,5.43906e+12,1.14343e+12,1
347,4244.03,-22.0297,4.73999e+12,1.07119e+13,1,0.7988,43,399.4,500,500,6.54747e+12,2.65348e+12,1
348,4242.16,-22.199,4.86179e+12,1.8223e+13,1,0.8176,44,408.8,500,500,7.64141e+12,5.46657e+12,1
349,4242.16,-22.0094,6.61576e+12,1.29647e+13,1,0.835091,45,417.545,500,500,6.66636e+12,2.77043e+12,1
350,4240.29,-21.839,6.76874e+12,1.36472e+13,1,0.853527,46,426.764,500,500,7.27181e+12,3.26715e+12,1
351,4240.29,-21.6541,6.3058e+12,1.45407e+13,1,0.869164,47,434.582,500,500,8.9768e+12,3.5239e+12,1
352,4238.41,-21.5378,6.83731e+12,1.40966e+13,1,0.887927,48,443.964,500,500,9.0351e+12,3.13495e+12,1
353,4238.41,-21.7332,4.98577e+12,9.51115e+12,1,0.909055,49,454.527,500,500,7.97591e+12,2.0316e+12,1
354,4236.53,-21.6266,6.47017e+12,1.46386e+13,1,0.927273,51,463.636,500,500,1.11046e+13,3.46403e+12,1
355,4234.24,-21.749,7.70023e+12,1.52582e+13,1,0.945455,52,472.727,500,500,1.28401e+13,3.26866e+12,1
356,4234.24,-21.5985,5.93392e+12,1.1613e+13,1,0.963636,53,481.818,500,500,1.06555e+13,2.46738e+12,1
357,4234.24,-21.4898,3.53401e+12,7.34446e+12,1,0.981818,54,490.909,500,500,1.16957e+13,1.71097e+12,1
358,4232.37,-21.331,3.70678e+12,7.90464e+12,1,1,55,500,500,500,1.05289e+13,1.77943e+12,1
359,4232.37,-21.1365,6.58236e+12,1.15527e+13,1,1,55,500,500,500,1.05994e+13,2.11308e+12,1
360,4230.51,-20.952,4.98712e+12,1.01256e+13,1,1,55,500,500,500,9.84207e+12,2.11228e+12,1
361,4228.64,-20.7701,4.29545e+12,1.03003e+13,1,1,55,500,500,500,1.01383e+13,2.54341e+12,1
